City_ID,City,Country,Lat,Lng,Max Temp,Humidity,Cloudiness,Wind Speed,Description
0,Korla,CN,41.7597,86.1469,77.56,20,100,5.41,overcast clouds
1,Ribeira Grande,PT,38.5167,-28.7,66.9,67,94,5.59,overcast clouds
2,Saint Anthony,US,45.0205,-93.218,91.74,20,1,4.0,clear sky
3,Cape Town,ZA,-33.9258,18.4232,57.11,98,18,3.44,fog
4,Haines Junction,CA,60.7522,-137.5108,67.95,34,100,2.3,overcast clouds
5,Chuy,UY,-33.6971,-53.4616,50.32,85,59,7.45,broken clouds
6,Rongcheng,CN,30.634,117.8517,69.64,98,100,2.28,heavy intensity rain
7,Novaya Zaimka,RU,56.4857,66.9241,44.58,67,51,7.43,broken clouds
8,Puerto Ayora,EC,-0.7393,-90.3518,76.96,98,53,7.0,light rain
9,Nyimba,ZM,-14.5566,30.8149,67.5,47,100,6.08,overcast clouds
10,Havelock,US,34.8791,-76.9013,88.05,57,7,5.01,clear sky
11,Imbituba,BR,-28.24,-48.6703,60.69,83,92,3.31,overcast clouds
12,Kenai,US,60.5544,-151.2583,61.03,56,90,5.75,overcast clouds
13,Ushuaia,AR,-54.8,-68.3,40.66,81,40,0.0,scattered clouds
14,Mahebourg,MU,-20.4081,57.7,70.09,83,20,8.05,few clouds
15,Lagoa,PT,39.05,-27.9833,65.39,75,71,8.61,broken clouds
16,Rikitea,PF,-23.1203,-134.9692,74.5,76,57,24.63,light rain
17,Jamestown,US,42.097,-79.2353,78.12,68,90,13.8,overcast clouds
18,Padang,ID,-0.9492,100.3543,76.66,69,95,3.83,overcast clouds
19,Evensk,RU,61.95,159.2333,48.61,80,100,3.11,light rain
20,Saint-Philippe,RE,-21.3585,55.7679,69.35,81,96,9.44,light rain
21,Kapaa,US,22.0752,-159.319,82.72,73,20,3.0,few clouds
22,Kachiry,KZ,53.0675,76.1036,51.26,89,100,18.68,moderate rain
23,Pecos,US,31.4229,-103.4932,99.43,11,1,6.91,clear sky
24,Busselton,AU,-33.65,115.3333,55.04,65,100,11.92,overcast clouds
25,Flers,FR,48.7372,-0.5747,57.45,94,100,3.27,overcast clouds
26,Luderitz,NA,-26.6481,15.1594,67.71,40,0,4.59,clear sky
27,Kamina,CD,-8.7386,24.9906,62.71,42,66,4.59,broken clouds
28,Avarua,CK,-21.2078,-159.775,71.65,83,90,2.3,light intensity drizzle
29,Vallenar,CL,-28.5708,-70.7581,65.5,44,0,5.82,clear sky
30,Malartic,CA,48.1335,-78.1328,80.42,71,54,13.27,broken clouds
31,Saint George,US,37.1041,-113.5841,113.47,9,1,1.01,clear sky
32,Ginir,ET,7.1333,40.7,59.07,76,92,6.55,overcast clouds
33,New Norfolk,AU,-42.7826,147.0587,47.75,86,34,1.01,scattered clouds
34,Bredasdorp,ZA,-34.5322,20.0403,58.28,93,8,3.44,clear sky
35,Hermanus,ZA,-34.4187,19.2345,58.8,77,9,9.44,clear sky
36,Barrow,US,71.2906,-156.7887,57.22,62,1,9.22,clear sky
37,Bayir,TR,37.2687,28.2167,64.92,62,0,3.83,clear sky
38,Atuona,PF,-9.8,-139.0333,79.3,77,17,21.41,few clouds
39,Sosnogorsk,RU,63.6023,53.8817,47.26,98,98,3.0,overcast clouds
40,Khatanga,RU,71.9667,102.5,64.06,71,71,7.0,broken clouds
41,Labuhan,ID,-6.8844,112.2051,77.49,87,100,4.59,light rain
42,Albany,US,42.6001,-73.9662,80.55,56,100,6.87,overcast clouds
43,Pittsfield,US,42.4501,-73.2454,79.81,49,1,1.99,clear sky
44,Kologriv,RU,58.8275,44.3178,62.42,86,61,7.78,broken clouds
45,East London,ZA,-33.0153,27.9116,59.04,82,13,9.01,few clouds
46,Jinchang,CN,38.4953,102.1739,68.0,31,100,4.05,overcast clouds
47,Vaini,TO,-21.2,-175.2,77.16,83,20,4.61,few clouds
48,Liberal,US,37.0431,-100.921,106.16,17,1,18.41,clear sky
49,Esso,RU,55.9333,158.7,41.2,90,100,3.8,overcast clouds
50,Mitsamiouli,KM,-11.3847,43.2844,76.8,66,13,7.81,few clouds
51,Bambous Virieux,MU,-20.3428,57.7575,70.05,83,20,8.05,few clouds
52,Londonderry,GB,54.9981,-7.3093,44.1,84,80,3.02,broken clouds
53,Oparino,RU,59.8518,48.2783,62.2,73,96,9.89,overcast clouds
54,Acajutla,SV,13.5928,-89.8275,83.34,74,92,4.61,overcast clouds
55,Kuji,JP,40.1878,141.7689,60.75,92,99,6.73,overcast clouds
56,Baruun-Urt,MN,46.6806,113.2792,53.67,64,68,16.67,broken clouds
57,Ponta Do Sol,PT,32.6667,-17.1,66.83,51,72,6.4,broken clouds
58,Mar Del Plata,AR,-38.0023,-57.5575,46.87,66,75,0.0,broken clouds
59,Nurota,UZ,40.5614,65.6886,68.09,18,0,0.74,clear sky
60,Ust-Omchug,RU,61.15,149.6333,62.74,47,22,3.76,few clouds
61,Aklavik,CA,68.2191,-135.0107,76.03,35,40,12.66,scattered clouds
62,Bilibino,RU,68.0546,166.4372,46.65,63,79,4.47,broken clouds
63,Kaitangata,NZ,-46.2817,169.8464,41.94,73,51,5.95,broken clouds
64,El Alto,PE,-4.2714,-81.2147,73.06,75,60,20.38,broken clouds
65,Bethel,US,41.3712,-73.414,83.1,48,1,8.05,clear sky
66,Saskylakh,RU,71.9167,114.0833,68.38,53,59,14.61,broken clouds
67,Esperance,AU,-33.8667,121.9,49.53,71,0,12.71,clear sky
68,Airai,TL,-8.9266,125.4092,57.04,86,68,3.09,broken clouds
69,Dingle,PH,10.9995,122.6711,76.23,91,90,3.18,overcast clouds
70,Sobolevo,RU,54.4299,31.8996,59.61,92,1,7.38,clear sky
71,Camacha,PT,33.0833,-16.3333,63.36,59,40,12.66,scattered clouds
72,Maracacume,BR,-2.0428,-45.9592,74.91,97,28,4.29,scattered clouds
73,Lebu,CL,-37.6167,-73.65,52.43,75,0,4.25,clear sky
74,Comodoro Rivadavia,AR,-45.8667,-67.5,40.86,60,0,8.05,clear sky
75,Los Llanos De Aridane,ES,28.6585,-17.9182,65.95,92,0,14.97,clear sky
76,Sandpoint,US,48.2766,-116.5533,85.6,25,1,1.01,clear sky
77,Storslett,NO,69.7678,21.0247,50.4,84,100,3.96,light rain
78,Upernavik,GL,72.7868,-56.1549,36.86,75,17,4.23,few clouds
79,Punta Arenas,CL,-53.15,-70.9167,39.31,81,0,10.36,clear sky
80,Mataura,NZ,-46.1927,168.8643,31.48,96,40,3.04,scattered clouds
81,Hobyo,SO,5.3505,48.5268,77.72,85,99,27.09,overcast clouds
82,Kaduna,NG,10.5222,7.4383,73.36,86,36,3.8,scattered clouds
83,Kattivakkam,IN,13.2167,80.3167,86.09,81,100,12.28,light rain
84,Payo,ID,-3.7508,103.6372,72.16,97,100,2.26,overcast clouds
85,Cabedelo,BR,-6.9811,-34.8339,74.07,85,2,15.43,clear sky
86,Qaanaaq,GL,77.484,-69.3632,36.07,79,18,4.07,few clouds
87,Dawson Creek,CA,55.7666,-120.2362,65.55,77,20,0.0,few clouds
88,Tautira,PF,-17.7333,-149.15,86.02,84,27,18.45,light rain
89,Castro,BR,-24.7911,-50.0119,54.64,97,100,4.32,overcast clouds
90,Hami,CN,42.8,93.45,80.96,12,100,3.65,overcast clouds
91,Hobart,AU,-42.8794,147.3294,48.11,94,75,4.61,broken clouds
92,Tuatapere,NZ,-46.1333,167.6833,31.82,86,11,4.47,few clouds
93,Nikolskoye,RU,59.7035,30.7861,67.89,72,0,5.68,light rain
94,Rocha,UY,-34.4833,-54.3333,48.52,74,99,4.07,overcast clouds
95,Muros,ES,42.7762,-9.0603,62.24,77,85,13.0,overcast clouds
96,Pisco,PE,-13.7,-76.2167,68.05,73,0,8.05,clear sky
97,Namibe,AO,-15.1961,12.1522,67.51,80,4,8.48,clear sky
98,Buraydah,SA,26.326,43.975,82.85,12,0,8.84,clear sky
99,Norman Wells,CA,65.282,-126.8329,75.24,33,20,6.91,few clouds
100,Faanui,PF,-16.4833,-151.75,80.49,76,9,19.93,clear sky
101,Natal,BR,-5.795,-35.2094,79.45,69,0,9.22,clear sky
102,Ndjole,GA,-0.1783,10.7649,76.84,89,100,2.55,overcast clouds
103,Bluff,NZ,-46.6,168.3333,31.8,81,7,12.01,clear sky
104,Launceston,AU,-41.45,147.1667,47.16,91,75,1.01,broken clouds
105,Cidreira,BR,-30.1811,-50.2056,57.02,80,39,7.02,scattered clouds
106,Puerto Leguizamo,CO,-0.1934,-74.7819,75.79,96,78,3.38,broken clouds
107,Yar-Sale,RU,66.8333,70.8333,42.8,65,4,8.66,clear sky
108,Hamilton,US,39.1834,-84.5333,91.09,66,20,3.0,few clouds
109,Harper,LR,4.375,-7.7169,79.36,75,86,8.68,overcast clouds
110,Sao Miguel Do Araguaia,BR,-13.275,-50.1628,83.3,33,75,2.77,broken clouds
111,Oranjestad,AW,12.524,-70.027,85.95,75,20,5.99,few clouds
112,Severo-Yeniseyskiy,RU,60.3725,93.0408,48.79,90,23,2.15,few clouds
113,Leningradskiy,RU,69.3833,178.4167,39.88,92,91,6.31,overcast clouds
114,Zarubino,RU,42.63,131.0922,56.08,98,100,8.39,overcast clouds
115,Arman,RU,59.7,150.1667,61.97,56,68,3.42,broken clouds
116,Isangel,VU,-19.55,169.2667,75.31,94,20,0.0,few clouds
117,Kumluca,TR,36.3703,30.2869,74.75,65,2,3.29,clear sky
118,Tasiilaq,GL,65.6145,-37.6368,41.16,67,4,3.31,clear sky
119,Port Alfred,ZA,-33.5906,26.891,60.75,83,33,12.8,scattered clouds
120,Codrington,AU,-38.2667,141.9667,53.82,82,72,15.55,broken clouds
121,Tuktoyaktuk,CA,69.4541,-133.0374,59.0,44,75,13.8,broken clouds
122,Fort Nelson,CA,58.8053,-122.7002,67.59,49,75,8.05,broken clouds
123,Qaqortoq,GL,60.7167,-46.0333,50.5,71,100,4.32,overcast clouds
124,Hilo,US,19.7297,-155.09,81.81,66,1,6.91,clear sky
125,Zhezkazgan,KZ,47.8043,67.7144,61.32,58,11,20.65,few clouds
126,Magadan,RU,59.5667,150.8,56.64,62,43,4.23,scattered clouds
127,Rovaniemi,FI,66.5,25.7167,54.81,100,75,6.91,broken clouds
128,Nome,US,64.5011,-165.4064,65.16,70,75,5.75,broken clouds
129,Cherskiy,RU,68.75,161.3,41.65,60,26,12.66,scattered clouds
130,Chifeng,CN,42.2683,118.9636,60.53,35,0,6.29,clear sky
131,Meiktila,MM,20.8667,95.8667,74.25,81,100,13.22,overcast clouds
132,Myitkyina,MM,25.3833,97.4,74.5,96,98,2.13,overcast clouds
133,Trinidad,BO,-14.8333,-64.9,62.58,77,75,6.91,broken clouds
134,Opaka,BG,43.45,26.1667,62.85,99,93,5.14,overcast clouds
135,Puerto Madryn,AR,-42.7692,-65.0385,42.82,67,9,16.69,clear sky
136,Kristiinankaupunki,FI,62.2743,21.376,56.59,79,74,9.06,broken clouds
137,Clyde River,CA,70.4692,-68.5914,34.03,100,90,8.05,fog
138,Deputatskiy,RU,69.3,139.9,67.06,39,53,2.33,broken clouds
139,High Rock,BS,26.6208,-78.2833,82.42,74,100,11.97,overcast clouds
140,Pavilosta,LV,56.8879,21.1859,60.71,84,2,8.52,clear sky
141,Faya,SA,18.3851,42.4509,73.51,42,97,3.49,overcast clouds
142,Baganga,PH,7.5739,126.56,76.35,86,66,5.3,broken clouds
143,Tura,IN,25.5198,90.2201,72.91,91,98,4.38,overcast clouds
144,Georgetown,MY,5.4112,100.3354,81.9,89,20,1.14,few clouds
145,Rabo De Peixe,PT,37.8,-25.5833,65.71,63,40,5.75,scattered clouds
146,Gimli,CA,50.6336,-96.9907,63.21,82,100,9.22,overcast clouds
147,Barabai,ID,-2.5833,115.3833,72.23,98,79,1.28,broken clouds
148,Broken Hill,AU,-31.95,141.4333,45.72,95,68,17.11,broken clouds
149,Katsuura,JP,35.1333,140.3,71.19,83,100,9.19,light rain
150,Pevek,RU,69.7008,170.3133,33.42,95,100,4.61,overcast clouds
151,Vao,NC,-22.6667,167.4833,74.32,81,5,12.44,clear sky
152,Santiago De Cao,PE,-7.9589,-79.2392,68.13,83,90,10.36,fog
153,Piranhas,BR,-16.4269,-51.8222,78.39,31,79,3.71,broken clouds
154,Bubaque,GW,11.2833,-15.8333,80.98,82,4,14.54,clear sky
155,Jaitaran,IN,26.2031,73.9364,80.49,71,86,13.56,overcast clouds
156,Olawa,PL,50.9466,17.2926,73.81,73,0,8.08,clear sky
157,Saint-Georges,GD,12.0564,-61.7485,83.88,74,20,17.27,few clouds
158,Port Elizabeth,ZA,-33.918,25.5701,59.29,88,40,8.05,scattered clouds
159,Havoysund,NO,70.9963,24.6622,45.48,85,100,4.41,overcast clouds
160,Sierpc,PL,52.8568,19.6691,67.42,82,0,8.5,clear sky
161,Iquitos,PE,-3.7481,-73.2472,77.04,88,75,2.3,light intensity drizzle
162,Pampas,PE,-12.4,-74.9,57.15,57,66,7.27,broken clouds
163,Saldanha,ZA,-33.0117,17.9442,53.65,69,1,8.63,clear sky
164,Sibolga,ID,1.7427,98.7792,75.96,77,100,2.8,overcast clouds
165,Akhtubinsk,RU,48.2795,46.1722,71.2,48,30,20.07,scattered clouds
166,Tabou,CI,4.423,-7.3528,79.11,77,66,8.46,broken clouds
167,Saint-Augustin,CA,51.226,-58.6502,61.36,67,14,22.64,few clouds
168,Dikson,RU,73.5069,80.5464,32.97,89,69,16.2,broken clouds
169,Grand Forks,US,47.9417,-97.4337,76.93,31,75,17.27,broken clouds
170,Sao Joao Da Barra,BR,-21.6403,-41.0511,69.89,69,74,8.79,broken clouds
171,Ocos,GT,14.5094,-92.1933,88.72,74,100,4.41,overcast clouds
172,Muscat,OM,23.6139,58.5922,87.82,70,67,7.29,broken clouds
173,Kingsport,US,36.5484,-82.5618,88.36,45,40,4.0,scattered clouds
174,Mirnyy,RU,62.5353,113.9611,60.49,74,100,3.2,overcast clouds
175,Cabo San Lucas,MX,22.8909,-109.9124,104.5,45,20,9.22,few clouds
176,Provideniya,RU,64.3833,-173.3,50.18,71,73,6.26,broken clouds
177,Chaohu,CN,31.6,117.8667,71.04,93,100,2.71,light rain
178,Lorengau,PG,-2.0226,147.2712,79.65,78,100,1.16,overcast clouds
179,Walvis Bay,NA,-22.9575,14.5053,56.35,82,2,3.44,clear sky
180,Palembang,ID,-2.9167,104.7458,73.67,97,89,2.28,overcast clouds
181,Yellowknife,CA,62.456,-114.3525,73.92,18,20,17.27,few clouds
182,Maine-Soroa,NE,13.2114,12.0241,90.45,25,68,3.04,broken clouds
183,Torbat-E Jam,IR,35.244,60.6225,74.97,12,0,11.86,clear sky
184,Souillac,MU,-20.5167,57.5167,70.18,83,20,8.05,few clouds
185,Kodiak,US,57.79,-152.4072,47.71,93,90,10.36,mist
186,Longyearbyen,SJ,78.2186,15.6401,40.84,65,20,11.5,few clouds
187,Lasa,IT,46.6166,10.7002,71.51,88,98,1.7,overcast clouds
188,Flinders,AU,-34.5833,150.8552,58.17,63,99,7.0,overcast clouds
189,Arraial Do Cabo,BR,-22.9661,-42.0278,69.76,73,20,3.44,few clouds
190,Zalantun,CN,48.0,122.7167,54.41,96,100,3.62,light rain
191,Nagato,JP,34.3833,131.2,71.51,94,100,5.26,overcast clouds
192,Yulara,AU,-25.2406,130.9889,40.84,75,43,5.75,scattered clouds
193,Najran,SA,17.4924,44.1277,84.85,19,64,3.83,broken clouds
194,Bengkulu,ID,-3.8004,102.2655,77.04,76,100,2.93,overcast clouds
195,Salinopolis,BR,-0.6136,-47.3561,79.11,85,18,12.97,few clouds
196,Jadu,LY,31.953,12.0261,83.95,21,18,7.14,few clouds
197,Roscommon,IE,53.6333,-8.1833,46.11,82,100,5.08,overcast clouds
198,Torbay,CA,47.6666,-52.7314,70.57,43,75,17.27,broken clouds
199,Arlit,NE,18.7369,7.3853,92.12,8,1,6.06,clear sky
200,Matay,EG,28.419,30.7792,80.06,33,0,21.83,clear sky
201,Klaksvik,FO,62.2266,-6.589,47.32,82,87,12.08,overcast clouds
202,Coruripe,BR,-10.1256,-36.1756,74.57,77,17,11.03,few clouds
203,Koumac,NC,-20.5667,164.2833,74.7,79,21,2.68,few clouds
204,Severo-Kurilsk,RU,50.6789,156.125,42.48,92,91,7.52,overcast clouds
205,Moyale,KE,3.5167,39.0584,69.94,66,94,12.59,overcast clouds
206,Meulaboh,ID,4.1363,96.1285,77.18,84,62,3.31,broken clouds
207,Sarangani,PH,5.4033,125.4636,81.79,75,51,3.29,broken clouds
208,Bonoua,CI,5.2741,-3.595,82.02,84,9,5.91,clear sky
209,Hualmay,PE,-11.0964,-77.6139,68.9,77,73,12.15,broken clouds
210,Qui Nhon,VN,13.7667,109.2333,80.46,78,91,5.59,overcast clouds
211,Vanderhoof,CA,54.0166,-124.0198,69.6,31,41,7.65,scattered clouds
212,Vestmannaeyjar,IS,63.4427,-20.2734,47.39,81,75,5.75,broken clouds
213,Zhigansk,RU,66.7697,123.3711,67.03,45,100,6.64,overcast clouds
214,Freeport,US,40.6576,-73.5832,86.31,57,1,11.01,clear sky
215,Tsaratanana,MG,-16.7833,47.65,66.94,83,8,6.33,clear sky
216,Kaeo,NZ,-35.1,173.7833,57.33,98,10,4.59,clear sky
217,Amalapuram,IN,16.5833,82.0167,85.19,64,100,8.03,overcast clouds
218,Kavieng,PG,-2.5744,150.7967,80.73,73,81,1.97,broken clouds
219,Thompson,CA,55.7435,-97.8558,64.56,42,20,5.75,few clouds
220,Kushima,JP,31.4583,131.2333,72.91,94,100,5.01,overcast clouds
221,Imeni Poliny Osipenko,RU,52.4201,136.4853,47.57,79,4,12.48,clear sky
222,Hithadhoo,MV,-0.6,73.0833,83.07,74,100,10.11,overcast clouds
223,Mokhsogollokh,RU,61.4681,128.9203,61.93,69,77,3.87,broken clouds
224,Carutapera,BR,-1.195,-46.02,76.17,93,13,8.21,few clouds
225,Vanimo,PG,-2.6741,141.3028,76.03,90,87,3.02,overcast clouds
226,Mehamn,NO,71.0357,27.8492,46.31,88,100,2.46,moderate rain
227,Tierranueva,MX,21.6833,-100.5667,70.03,59,99,15.86,overcast clouds
228,Asopos,GR,36.7333,22.8667,72.61,59,2,4.34,clear sky
229,Lompoc,US,34.6391,-120.4579,96.94,66,1,14.97,clear sky
230,Wuwei,CN,37.9281,102.6414,62.2,44,100,3.2,overcast clouds
231,Tiksi,RU,71.6872,128.8694,64.47,42,84,7.54,broken clouds
232,Moindou,NC,-21.6924,165.677,66.15,81,8,3.53,clear sky
233,Berlevag,NO,70.8578,29.0864,48.0,87,75,0.0,moderate rain
234,Soure,BR,-0.7167,-48.5233,80.04,84,10,13.96,clear sky
235,Mount Gambier,AU,-37.8333,140.7667,51.71,100,98,5.75,overcast clouds
236,Gorin,RU,51.1983,136.6669,50.94,79,47,8.08,scattered clouds
237,Zaysan,KZ,47.4667,84.8667,68.14,45,81,7.78,broken clouds
238,Oconomowoc,US,43.1117,-88.4993,89.28,47,1,1.01,clear sky
239,Qasigiannguit,GL,68.8193,-51.1922,44.85,72,27,5.64,scattered clouds
240,Arroyo,ES,41.6096,-4.7969,59.22,83,0,2.3,clear sky
241,Lubin,PL,51.4009,16.2015,74.61,71,0,4.18,clear sky
242,Huarmey,PE,-10.0681,-78.1522,70.25,76,35,11.77,scattered clouds
243,Preeceville,CA,51.95,-102.6677,57.51,70,99,7.72,overcast clouds
244,Saint-Francois,FR,46.4154,3.9054,73.18,73,0,2.3,clear sky
245,Montes Altos,BR,-5.8333,-47.0667,82.18,51,91,2.35,overcast clouds
246,Karpathos,GR,35.507,27.2132,71.08,78,0,9.53,clear sky
247,Moses Lake,US,47.1301,-119.2781,89.62,18,1,8.95,clear sky
248,Ancud,CL,-41.8697,-73.8203,48.22,70,0,5.01,clear sky
249,Margate,GB,51.3813,1.3862,62.31,99,100,1.01,overcast clouds
250,Birsk,RU,55.4211,55.5428,48.92,70,53,3.85,broken clouds
251,Sulphur,US,30.2366,-93.3774,94.96,54,40,6.91,scattered clouds
252,Westport,US,41.1415,-73.3579,84.02,48,1,1.99,clear sky
253,Hollola,FI,61.05,25.4333,67.01,60,0,9.06,clear sky
254,Kununurra,AU,-15.7667,128.7333,71.58,26,97,8.05,overcast clouds
255,Tubmanburg,LR,6.8708,-10.8172,74.03,96,68,2.53,broken clouds
256,Matara,LK,5.9485,80.5353,77.68,90,97,8.97,overcast clouds
257,Bousso,TD,10.4795,16.7117,84.36,54,37,5.93,scattered clouds
258,Abu Dhabi,AE,24.4667,54.3667,86.11,79,1,4.61,clear sky
259,Grand Gaube,MU,-20.0064,57.6608,70.2,61,52,16.42,broken clouds
260,Iwaki,JP,37.05,140.8833,68.77,93,100,2.84,overcast clouds
261,Burnie,AU,-41.0667,145.9167,47.7,87,20,4.32,few clouds
262,Aksarka,RU,66.5606,67.7975,48.7,74,92,10.8,overcast clouds
263,Sao Filipe,CV,14.8961,-24.4956,73.26,80,2,6.67,clear sky
264,Cayenne,GF,4.9333,-52.3333,84.24,81,75,3.0,broken clouds
265,Victor Harbor,AU,-35.5667,138.6167,55.0,84,77,1.99,broken clouds
266,Bara,NG,10.3744,10.7288,79.83,65,100,7.7,overcast clouds
267,San Jose,US,37.3394,-121.895,109.27,23,20,8.05,few clouds
268,Krasnyy Yar,RU,46.5331,48.3456,76.93,23,20,16.93,few clouds
269,Butaritari,KI,3.0707,172.7902,81.77,74,78,7.96,broken clouds
270,Iwanai,JP,42.9744,140.5089,57.85,87,100,5.3,overcast clouds
271,Sfantu Gheorghe,RO,45.8667,25.7833,59.27,92,70,2.26,broken clouds
272,Bathsheba,BB,13.2167,-59.5167,81.59,77,6,16.4,clear sky
273,California City,US,35.1258,-117.9859,111.56,9,1,3.0,clear sky
274,Praia Da Vitoria,PT,38.7333,-27.0667,68.76,72,20,6.26,few clouds
275,Christchurch,NZ,-43.5333,172.6333,43.0,92,90,1.99,overcast clouds
276,Sabinopolis,BR,-18.6661,-43.0839,60.8,82,80,3.91,broken clouds
277,Sitka,US,57.0531,-135.33,53.49,76,75,21.85,light rain
278,Muroto,JP,33.2833,134.15,71.64,92,100,15.61,overcast clouds
279,Mecca,SA,21.4267,39.8261,91.2,27,60,4.18,broken clouds
280,Olavarria,AR,-36.8927,-60.3225,40.96,66,85,2.68,overcast clouds
281,Luanda,AO,-8.8368,13.2343,75.2,88,20,8.05,few clouds
282,Mogadishu,SO,2.0371,45.3438,77.65,85,91,18.43,overcast clouds
283,Cheremukhovo,RU,60.3484,59.9851,45.19,75,22,4.7,few clouds
284,Coahuayana,MX,18.7333,-103.6833,92.68,86,100,4.36,overcast clouds
285,Pemba,MZ,-12.974,40.5178,77.7,78,75,12.66,broken clouds
286,Kanniyakumari,IN,8.0833,77.5667,79.07,84,100,18.66,overcast clouds
287,Villarrobledo,ES,39.2699,-2.6012,67.86,53,100,10.11,overcast clouds
288,Dawei,MM,14.0833,98.2,77.13,91,85,1.43,overcast clouds
289,Touros,BR,-5.1989,-35.4608,79.7,82,3,13.56,clear sky
290,San Cristobal,VE,7.7669,-72.225,84.38,62,88,5.55,overcast clouds
291,Galesong,ID,-5.3166,119.3661,73.42,79,100,3.76,overcast clouds
292,Lavrentiya,RU,65.5833,-171.0,46.83,71,84,5.06,broken clouds
293,Talnakh,RU,69.4865,88.3972,42.42,88,100,11.99,overcast clouds
294,Alta Floresta,BR,-9.8756,-56.0861,82.74,51,96,2.77,overcast clouds
295,Solenzo,BF,12.1833,-4.0833,87.21,40,17,7.49,few clouds
296,Mafeteng,LS,-29.823,27.2374,44.51,32,0,4.5,clear sky
297,Karratha,AU,-20.7377,116.8463,61.21,54,0,13.31,clear sky
298,Sur,OM,22.5667,59.5289,86.76,61,65,9.73,broken clouds
299,Ostersund,SE,63.1792,14.6357,48.65,71,49,8.05,scattered clouds
300,Ouadda,CF,8.0777,22.4007,71.22,83,100,2.84,overcast clouds
301,Boende,CD,-0.2167,20.8667,70.93,99,100,6.35,heavy intensity rain
302,Tucupita,VE,9.0622,-62.051,82.9,73,85,4.68,overcast clouds
303,Akyab,MM,20.15,92.9,80.28,86,100,20.02,moderate rain
304,Bereda,ES,43.2686,-7.5406,56.91,100,98,5.37,overcast clouds
305,Maningrida,AU,-12.0667,134.2667,66.72,71,82,11.65,broken clouds
306,Ruwi,OM,23.5996,58.5507,87.49,67,70,6.17,broken clouds
307,Tucumcari,US,35.1717,-103.725,100.94,10,1,16.11,clear sky
308,Vila Franca Do Campo,PT,37.7167,-25.4333,66.61,70,25,0.98,scattered clouds
309,Broome,US,42.2506,-75.833,77.2,63,75,1.99,light rain
310,Egvekinot,RU,66.3167,-179.1667,35.58,91,100,5.39,overcast clouds
311,Salalah,OM,17.0151,54.0924,80.69,89,75,8.05,broken clouds
312,Houma,US,29.5958,-90.7195,79.99,87,90,14.97,overcast clouds
313,Komsomolskiy,UZ,40.4272,71.7189,74.62,31,0,11.5,clear sky
314,Ayan,RU,56.45,138.1667,49.39,59,100,2.66,overcast clouds
315,Wanning,CN,18.8003,110.3967,81.01,90,85,10.04,overcast clouds
316,Pinega,RU,64.7001,43.3936,59.88,71,100,4.7,light rain
317,Ondangwa,NA,-17.9167,15.95,60.8,41,0,4.61,clear sky
318,Portland,US,45.5234,-122.6762,81.81,46,20,1.99,few clouds
319,Sao Felix Do Xingu,BR,-6.6447,-51.995,80.56,61,67,2.24,broken clouds
320,Aykhal,RU,66.0,111.5,66.29,45,100,5.23,overcast clouds
321,Dabat,ET,12.9842,37.765,56.59,78,100,4.59,overcast clouds
322,Chokurdakh,RU,70.6333,147.9167,60.51,40,11,5.57,few clouds
323,Muti,PH,7.2758,122.28,76.73,84,100,1.88,overcast clouds
324,Bad Bevensen,DE,53.0833,10.5833,73.18,86,100,1.92,overcast clouds
325,Praia,CV,14.9215,-23.5087,73.94,73,20,16.11,few clouds
326,Yantai,CN,37.5333,121.4,68.43,53,0,10.74,clear sky
327,Palmer,US,42.1584,-72.3287,83.52,41,75,1.99,broken clouds
328,San Ramon,US,37.7799,-121.978,108.41,22,1,5.99,clear sky
329,Morden,CA,49.1919,-98.1014,71.98,59,77,10.36,broken clouds
330,Huai Thalaeng,TH,14.997,102.6475,80.64,83,58,7.52,broken clouds
331,Fortuna,US,40.5982,-124.1573,87.42,67,1,4.0,clear sky
332,Ahipara,NZ,-35.1667,173.1667,58.98,91,8,4.54,clear sky
333,Nanortalik,GL,60.1432,-45.2371,40.86,73,100,13.31,overcast clouds
334,Cockburn Town,TC,21.4612,-71.1419,84.16,74,40,13.8,scattered clouds
335,Rumuruti,KE,0.267,36.5389,56.97,79,100,8.25,overcast clouds
336,Marsh Harbour,BS,26.5412,-77.0636,82.08,76,100,11.59,overcast clouds
337,Victoria,HK,22.2855,114.1577,86.97,88,66,5.01,broken clouds
338,Isla Mujeres,MX,21.2311,-86.731,87.85,77,100,13.96,overcast clouds
339,Ntungamo,UG,-0.8833,29.65,62.56,97,76,3.06,light rain
340,Port Lincoln,AU,-34.7333,135.8667,53.15,72,65,10.83,broken clouds
341,Panaba,MX,21.2833,-88.2667,90.81,54,100,15.52,overcast clouds
342,Vostok,RU,46.4856,135.8833,55.18,90,99,3.0,light rain
343,Bambanglipuro,ID,-7.95,110.2833,74.8,92,100,2.64,overcast clouds
344,Belyy Yar,RU,53.6039,91.3903,55.29,94,0,2.24,clear sky
345,Malindi,KE,-3.2175,40.1191,76.69,81,14,16.11,light rain
346,Bilma,NE,18.6853,12.9164,95.09,9,2,8.9,clear sky
347,El Viejo,NI,12.6633,-87.1672,87.24,64,57,6.82,broken clouds
348,Ilulissat,GL,69.2167,-51.1,44.62,65,15,5.75,few clouds
349,Ambanja,MG,-13.6833,48.45,70.84,88,21,3.4,few clouds
350,Ulaanbaatar,MN,47.9077,106.8832,37.53,81,0,4.47,clear sky
351,Pokhara,NP,28.2333,83.9833,70.45,97,100,3.49,overcast clouds
352,Te Anau,NZ,-45.4167,167.7167,32.63,91,79,1.16,broken clouds
353,Trapani,IT,37.8333,12.6667,74.91,83,0,5.75,clear sky
354,Naifaru,MV,5.4444,73.3657,82.54,79,92,14.97,overcast clouds
355,Leeton,AU,-34.5667,146.4,39.11,94,7,7.99,clear sky
356,Alofi,NU,-19.0595,-169.9187,78.69,83,64,12.66,broken clouds
357,Manica,FR,49.0,-1.1667,58.41,94,100,4.23,overcast clouds
358,Eganville,CA,45.5334,-77.0994,66.02,78,98,10.74,overcast clouds
359,Soyo,AO,-6.1349,12.3689,73.67,88,49,8.81,scattered clouds
360,Belaya Gora,RU,68.5333,146.4167,66.87,40,13,6.55,few clouds
361,Buala,SB,-8.145,159.5921,79.25,84,100,6.98,light rain
362,Bagua Grande,PE,-5.7561,-78.4411,82.24,59,88,5.57,overcast clouds
363,Yashan,CN,22.1975,109.9419,77.4,93,68,2.73,broken clouds
364,Cordoba,AR,-31.4135,-64.1811,46.76,74,40,4.61,scattered clouds
365,Olafsvik,IS,64.8945,-23.7142,44.65,65,98,6.2,overcast clouds
366,Yertsevo,RU,60.7966,40.086,59.99,79,90,5.39,overcast clouds
367,Zhangye,CN,38.9342,100.4517,65.91,37,100,0.31,overcast clouds
368,La Palma,US,33.8464,-118.0467,100.9,64,75,5.99,broken clouds
369,Abu Samrah,SY,35.3029,37.1841,69.22,54,0,9.55,clear sky
370,Vylkove,UA,45.4021,29.586,66.0,91,67,24.29,broken clouds
371,Urusha,RU,54.05,122.9,55.22,96,100,13.11,light rain
372,Beringovskiy,RU,63.05,179.3167,45.39,77,75,4.09,broken clouds
373,Yambio,SS,4.5721,28.3955,66.67,99,100,2.24,moderate rain
374,Nanpara,IN,27.8667,81.5,78.55,84,99,13.6,overcast clouds
375,Havre,FR,49.5833,0.3333,63.48,94,90,11.5,overcast clouds
376,Altay,CN,47.8667,88.1167,63.39,42,8,5.86,clear sky
377,Tarancon,ES,40.0085,-3.0073,68.45,63,100,6.67,overcast clouds
378,Husavik,IS,66.0449,-17.3389,42.71,77,98,6.93,overcast clouds
379,Labuan,MY,5.2767,115.2417,77.11,100,20,1.14,few clouds
380,Erzin,TR,36.9559,36.2,72.32,80,32,1.5,scattered clouds
381,Kimbe,PG,-5.5502,150.1429,75.52,87,100,3.65,overcast clouds
382,Caravelas,BR,-17.7125,-39.2481,70.61,84,66,8.12,broken clouds
383,Shelburne,CA,44.0787,-80.2041,75.69,63,97,16.11,overcast clouds
384,Omboue,GA,-1.5746,9.2618,75.74,87,68,7.47,broken clouds
385,Swan River,CA,52.1058,-101.2676,60.69,67,79,4.61,broken clouds
386,Grindavik,IS,63.8424,-22.4338,45.07,87,75,5.75,broken clouds
387,Vanavara,RU,60.34,102.2797,55.72,70,31,2.86,scattered clouds
388,Whitehorse,CA,60.7161,-135.0538,72.1,32,75,4.0,broken clouds
389,Mahajanga,MG,-15.7167,46.3167,68.02,88,0,5.75,clear sky
390,Itoman,JP,26.1247,127.6694,82.78,92,75,9.22,broken clouds
391,Catarman,PH,12.4989,124.6377,76.37,93,100,4.65,overcast clouds
392,Verkhnyaya Inta,RU,65.9811,60.3094,47.14,91,98,15.7,overcast clouds
393,Kijang,KR,35.2442,129.2139,69.53,92,3,4.68,clear sky
394,Termiz,UZ,37.2242,67.2783,71.69,30,0,2.3,clear sky
395,Rock Sound,BS,24.9,-76.2,81.16,78,100,11.52,overcast clouds
396,Calama,CL,-22.4667,-68.9333,61.29,27,0,26.46,clear sky
397,Den Helder,NL,52.9599,4.7593,70.99,95,26,8.01,scattered clouds
398,Paamiut,GL,61.994,-49.6678,40.93,80,100,15.39,overcast clouds
399,Kulhudhuffushi,MV,6.6221,73.07,82.38,78,100,16.42,overcast clouds
400,Fukue,JP,32.6881,128.8419,71.35,90,100,9.55,overcast clouds
401,Petropavlovsk-Kamchatskiy,RU,53.0452,158.6483,45.19,93,75,4.47,broken clouds
402,Yerbogachen,RU,61.2767,108.0108,59.38,77,100,4.7,overcast clouds
403,Geraldton,AU,-28.7667,114.6,43.21,87,24,10.36,few clouds
404,Nouadhibou,MR,20.931,-17.0347,69.78,78,0,19.57,sand
405,Krasnoselkup,RU,65.7,82.4667,42.69,88,100,21.07,moderate rain
406,Beyneu,KZ,45.3167,55.2,80.8,22,5,15.08,clear sky
407,Vaitape,PF,-16.5167,-151.75,80.47,76,10,19.95,clear sky
408,Oranjemund,NA,-28.55,16.4333,69.89,31,0,10.02,clear sky
409,Tazovskiy,RU,67.4667,78.7,37.54,78,100,8.34,overcast clouds
410,Trelew,AR,-43.249,-65.3051,42.6,62,6,15.61,clear sky
411,Brae,GB,60.3964,-1.353,48.45,71,50,5.08,scattered clouds
412,Pallasovka,RU,50.05,46.8833,60.91,67,0,11.59,clear sky
413,Saint-Joseph,RE,-21.3667,55.6167,68.36,79,80,9.66,light rain
414,Tahoua,NE,14.8888,5.2692,93.96,26,48,4.59,scattered clouds
415,Ardakan,IR,32.31,54.0175,88.18,8,0,4.56,clear sky
416,Murmashi,RU,68.8154,32.8115,48.61,100,75,4.47,broken clouds
417,Mount Isa,AU,-20.7333,139.5,53.37,43,100,8.05,overcast clouds
418,Cooma,AU,-36.2333,149.1333,42.57,100,90,17.27,overcast clouds
419,Asfi,MA,32.2994,-9.2372,65.7,68,100,16.58,overcast clouds
420,Kahului,US,20.8947,-156.47,86.02,57,20,18.41,few clouds
421,Itaberai,BR,-16.0203,-49.8103,73.24,33,100,3.69,overcast clouds
422,Yushu,CN,44.8,126.5333,57.45,87,97,6.51,overcast clouds
423,Port Hardy,CA,50.6996,-127.4199,57.38,72,75,11.5,broken clouds
424,Little Current,CA,45.9793,-81.9248,80.69,78,56,11.99,broken clouds
425,Alice Springs,AU,-23.7,133.8833,38.75,75,85,4.61,overcast clouds
426,Coihaique,CL,-45.5752,-72.0662,36.21,86,0,0.0,clear sky
427,Pacific Grove,US,36.6177,-121.9166,104.02,75,1,4.0,haze
428,Cobija,BO,-11.0267,-68.7692,75.38,78,75,6.91,broken clouds
429,Galle,LK,6.0367,80.217,79.61,85,96,10.36,overcast clouds
430,Filadelfia,US,39.9523,-75.1638,85.14,36,75,7.0,broken clouds
431,Opuwo,NA,-18.0607,13.84,61.75,32,0,6.08,clear sky
432,Mareeba,AU,-17.0,145.4333,63.32,84,8,1.95,clear sky
433,Biltine,TD,14.5333,20.9167,86.43,41,100,17.65,overcast clouds
434,Buritizeiro,BR,-17.3511,-44.9622,73.31,33,82,3.98,broken clouds
435,Atbasar,KZ,51.8,68.3333,49.62,61,10,11.72,clear sky
436,Itarema,BR,-2.9248,-39.9167,79.52,78,3,13.18,clear sky
437,Bongandanga,CD,1.5,21.05,70.57,95,100,5.06,light rain
438,Antigonish,CA,45.6169,-61.9986,76.14,55,100,4.0,overcast clouds
439,Carnarvon,AU,-24.8667,113.6333,46.47,47,0,9.22,clear sky
440,Quatre Cocos,MU,-20.2078,57.7625,69.91,66,74,12.17,broken clouds
441,Davenda,RU,53.5556,119.317,53.92,98,100,6.26,moderate rain
442,Zakamensk,RU,50.3741,103.2863,46.94,68,92,1.54,overcast clouds
443,Churapcha,RU,62.0025,132.4325,61.92,52,100,6.85,overcast clouds
444,Jinji,CN,23.2281,110.8261,77.95,93,84,1.92,broken clouds
445,Auki,SB,-8.7676,160.7034,78.6,86,88,3.53,overcast clouds
446,Nizhneangarsk,RU,55.7833,109.55,50.32,74,99,5.46,overcast clouds
447,Kruisfontein,ZA,-34.0033,24.7314,50.88,89,9,5.17,clear sky
448,Poum,NC,-20.2333,164.0167,75.74,79,27,2.33,scattered clouds
449,Babu,CN,24.4167,111.5167,78.13,93,95,2.13,overcast clouds
450,Kaberamaido,UG,1.7389,33.1594,65.12,93,54,4.81,light rain
451,Dno,RU,57.8277,29.9637,63.73,80,0,5.12,clear sky
452,Guerrero Negro,MX,27.9769,-114.0611,76.1,55,4,18.68,clear sky
453,Palana,RU,59.1167,159.9667,46.22,70,55,12.82,broken clouds
454,Sibu,MY,2.3,111.8167,77.31,94,40,2.3,scattered clouds
455,Tambopata,PE,-12.7333,-69.1833,80.26,59,17,2.35,few clouds
456,Khor,RU,47.8861,134.9464,59.16,97,100,7.11,moderate rain
457,Gorom-Gorom,BF,14.4439,-0.2361,86.4,49,99,18.37,overcast clouds
458,Vigrestad,NO,58.5667,5.7,54.97,74,95,19.86,light rain
459,Bossangoa,CF,6.4926,17.4552,76.53,72,99,3.98,overcast clouds
460,Lobito,AO,-12.3481,13.5456,72.39,82,7,2.91,clear sky
461,Taltal,CL,-25.4,-70.4833,61.36,72,15,4.12,few clouds
462,Lam Luk Ka,TH,13.9323,100.7494,84.0,74,20,3.44,few clouds
463,Ovalle,CL,-30.5983,-71.2003,64.0,54,3,4.21,clear sky
464,The Valley,AI,18.217,-63.0578,84.81,70,40,18.41,scattered clouds
465,Atar,MR,20.5169,-13.0499,91.63,14,0,11.14,clear sky
466,Yeppoon,AU,-23.1333,150.7333,53.38,59,15,7.56,few clouds
467,Yumen,CN,40.2833,97.2,66.72,31,92,5.08,overcast clouds
468,Hastings,GB,50.8552,0.5729,59.9,99,100,11.9,overcast clouds
469,Barra Do Garcas,BR,-15.89,-52.2567,78.46,30,100,1.36,overcast clouds
470,Santa Clara,CU,22.4,-79.9667,91.06,55,20,17.27,few clouds
471,Bumba,CD,2.1833,22.4667,71.51,95,100,2.91,overcast clouds
472,Mutsu,JP,41.2894,141.2169,66.0,86,100,9.62,overcast clouds
473,Ilhabela,BR,-23.7781,-45.3581,66.0,87,92,1.48,overcast clouds
474,Tawang,IN,27.5833,91.8667,55.36,95,87,1.92,overcast clouds
475,Shizunai,JP,42.3339,142.3669,53.94,86,100,8.55,overcast clouds
476,Bansang,GM,13.4333,-14.65,91.74,33,8,6.35,clear sky
477,Murgab,TM,37.4966,61.9714,73.27,46,0,0.0,clear sky
478,La Asuncion,VE,11.0333,-63.8628,85.73,70,74,19.57,broken clouds
479,Vestmanna,FO,62.1564,-7.1664,45.52,93,90,10.36,overcast clouds
480,Hasaki,JP,35.7333,140.8333,68.4,80,100,15.86,overcast clouds
481,Humaita,BR,-7.5061,-63.0208,74.98,95,89,2.46,moderate rain
482,Doha,QA,25.2867,51.5333,94.98,23,0,12.66,dust
483,Nemuro,JP,43.3236,145.575,48.83,88,17,3.29,few clouds
484,Benito Juarez,MX,19.385,-99.165,62.01,79,90,3.0,light rain
485,San Lawrenz,MT,36.0553,14.204,71.85,83,27,4.88,scattered clouds
486,Chegdomyn,RU,51.1167,133.0167,56.03,87,100,3.27,overcast clouds
487,Kamenka,RU,51.3223,42.7678,58.48,86,1,8.61,clear sky
488,Porto Belo,BR,-27.1578,-48.5531,62.96,82,100,6.33,overcast clouds
489,Khani,GE,41.9563,42.9566,58.57,94,15,3.09,few clouds
490,Smithers,CA,54.7804,-127.1743,62.92,48,40,9.22,scattered clouds
491,Bom Jesus,BR,-9.0744,-44.3586,90.5,27,59,6.35,broken clouds
492,Tunceli,TR,39.1083,39.5471,73.69,35,15,4.72,few clouds
493,Sergeyevka,KZ,53.88,67.4158,47.28,58,6,10.98,clear sky
494,Mayskiy,RU,47.6931,40.1025,69.44,68,0,13.67,clear sky
495,Ostrovnoy,RU,68.0531,39.5131,49.6,97,100,10.31,overcast clouds
496,Behbahan,IR,30.5959,50.2417,87.12,14,3,1.9,clear sky
497,Moose Jaw,CA,50.4001,-105.5344,66.56,53,75,16.11,broken clouds
498,Roma,US,43.2128,-75.4557,77.38,65,75,4.61,light rain
499,Samoded,RU,63.6083,40.5111,63.01,57,100,7.16,overcast clouds
500,Shelbyville,US,35.4834,-86.4603,91.02,45,1,9.22,clear sky
501,Rockland,US,41.1668,-74.0496,84.78,40,100,1.01,overcast clouds
502,Mao,ES,39.8885,4.2658,73.96,88,40,8.05,scattered clouds
503,Palmerston,AU,-12.486,130.9833,73.38,67,0,10.36,clear sky
504,Bandarbeyla,SO,9.4942,50.8122,77.68,78,56,34.9,broken clouds
505,Tezu,IN,27.9167,96.1667,75.79,100,100,1.05,overcast clouds
506,Nishihara,JP,26.1842,127.7558,82.06,95,90,10.36,overcast clouds
507,Sribne,UA,50.6638,32.9187,62.19,93,2,9.75,clear sky
508,Kavaratti,IN,10.5669,72.642,82.8,77,98,22.55,light rain
509,Chenzhou,CN,25.8,113.0333,78.22,88,100,3.69,overcast clouds
510,Timmins,CA,48.4669,-81.3331,80.42,26,75,10.36,broken clouds
511,Cururupu,BR,-1.8283,-44.8683,75.36,96,12,4.65,light rain
512,Bowen,AU,-20.0167,148.2333,46.62,55,2,10.71,clear sky
513,Diu,IN,20.7141,70.9822,83.17,78,100,14.07,overcast clouds
514,Paranhos,BR,-23.8928,-55.4311,52.03,98,100,1.9,overcast clouds
515,San Patricio,US,28.017,-97.5169,93.29,42,19,9.26,few clouds
516,La Ronge,CA,55.1001,-105.2842,64.62,51,20,6.91,few clouds
517,San Ramon De La Nueva Oran,AR,-23.1322,-64.326,51.42,63,97,3.67,overcast clouds
518,Otjiwarongo,NA,-20.4637,16.6477,56.82,33,6,11.9,clear sky
519,La Union,PE,-5.4,-80.75,82.09,48,5,16.35,clear sky
520,Maragogi,BR,-9.0122,-35.2225,76.73,79,93,12.71,light rain
521,Iskateley,RU,67.6803,53.1512,40.59,70,100,2.89,overcast clouds
522,Socorro,US,31.6546,-106.3033,99.5,12,1,9.22,clear sky
523,Parrita,CR,9.5201,-84.3225,89.06,83,100,2.48,overcast clouds
524,Nohar,IN,29.1833,74.7667,89.55,52,30,11.23,scattered clouds
525,Mugla,TR,37.2303,28.3557,59.67,62,0,4.41,clear sky
526,Tual,ID,-5.6667,132.75,80.82,79,100,21.61,overcast clouds
527,Ratangarh,IN,28.0833,74.6,89.15,47,81,6.58,broken clouds
528,Tilichiki,RU,60.4667,166.1,46.81,72,66,4.43,broken clouds
529,Siteki,SZ,-26.45,31.95,54.01,96,1,3.56,clear sky
530,Ngerengere,TZ,-6.75,38.1167,67.12,89,72,3.71,broken clouds
531,Katherine,AU,-14.4667,132.2667,61.12,44,100,6.91,overcast clouds
532,Baykit,RU,61.67,96.37,59.16,95,99,2.59,overcast clouds
533,Nova Olinda Do Norte,BR,-3.8881,-59.0942,82.08,76,71,2.91,broken clouds
534,Iqaluit,CA,63.7506,-68.5145,33.53,93,90,5.99,light snow
535,Belturbet,IE,54.1,-7.45,52.63,76,99,3.53,overcast clouds
536,Shimanovsk,RU,52.0,127.7,55.76,96,93,10.49,overcast clouds
537,Paragominas,BR,-2.9667,-47.4833,74.55,92,95,3.91,overcast clouds
538,Mancora,PE,-4.1078,-81.0475,75.78,65,63,16.58,broken clouds
539,Zabol,AF,32.25,67.25,67.44,10,0,4.59,clear sky
540,Celestun,MX,20.8667,-90.4,82.38,79,100,6.22,overcast clouds
541,Beloha,MG,-25.1667,45.05,62.76,92,0,4.76,clear sky
542,Amga,RU,60.8953,131.9608,61.2,54,86,4.21,overcast clouds
543,Kupang,ID,-10.1667,123.5833,75.78,83,20,4.61,few clouds
544,North Bend,US,43.4065,-124.2243,75.24,70,1,25.32,clear sky
545,Rawson,AR,-43.3002,-65.1023,43.3,63,6,17.16,clear sky
546,Gazanjyk,TM,39.2446,55.5154,86.31,11,4,5.37,clear sky
547,Soto La Marina,MX,23.7667,-98.2167,84.78,42,32,11.92,scattered clouds
548,Sinnai,IT,39.3042,9.2036,73.54,66,0,10.36,clear sky
549,Parana,AR,-31.732,-60.5238,53.56,55,93,6.91,overcast clouds
550,Antalaha,MG,-14.9003,50.2788,69.55,87,21,6.38,few clouds
551,Bulungu,CD,-4.55,18.6,73.02,41,100,1.7,overcast clouds
552,Batagay,RU,67.6333,134.6333,71.53,43,96,3.33,overcast clouds
553,Zhaoqing,CN,23.0512,112.4597,84.81,95,83,1.41,broken clouds
554,Denpasar,ID,-8.65,115.2167,80.26,89,20,4.61,few clouds
555,Port-Gentil,GA,-0.7193,8.7815,78.76,89,40,10.36,scattered clouds
556,Ola,RU,59.5833,151.2833,56.48,60,17,1.92,few clouds
557,Awjilah,LY,29.1081,21.2869,76.87,40,0,14.0,clear sky
558,Jutai,BR,-5.1833,-68.9,81.09,84,52,2.55,broken clouds
559,Ribeira Brava,PT,32.65,-17.0667,66.83,51,69,6.4,broken clouds
560,Hofn,IS,64.2539,-15.2082,44.65,73,99,2.13,overcast clouds
561,Anadyr,RU,64.75,177.4833,48.7,66,0,4.47,clear sky
562,Wawa,NG,9.9022,4.4192,83.66,64,100,2.24,overcast clouds
563,Kentau,KZ,43.5206,68.5094,77.41,23,28,5.73,scattered clouds
564,Shimoda,JP,34.6667,138.95,69.17,84,100,6.42,overcast clouds
565,Xining,CN,36.6167,101.7667,55.8,62,100,1.3,overcast clouds
566,Muncar,ID,-8.4333,114.3333,76.62,90,95,3.2,overcast clouds
567,Guane,CU,22.2025,-84.0875,88.56,62,97,10.42,overcast clouds
568,Noumea,NC,-22.2763,166.4572,73.99,99,3,4.99,clear sky
569,Coquimbo,CL,-29.9533,-71.3436,56.93,82,90,4.61,overcast clouds
570,Bonthe,SL,7.5264,-12.505,79.25,83,87,7.58,light rain
571,Itacare,BR,-14.2775,-38.9967,76.89,79,8,7.43,clear sky
572,Aksay,RU,47.26,39.87,71.22,88,0,7.0,clear sky
573,Yerofey Pavlovich,RU,53.9667,121.9667,55.31,96,100,13.22,light rain
574,Hauterive,FR,46.0901,3.4459,74.16,75,95,3.49,overcast clouds
575,Novyy Urgal,RU,51.0736,132.5642,57.7,93,100,3.38,overcast clouds
576,Tolga,DZ,34.7222,5.3785,95.81,17,30,15.41,scattered clouds
577,Garhi Yasin,PK,27.9069,68.511,87.82,34,3,6.8,clear sky
578,Davidson,US,36.1501,-86.7833,92.32,45,75,11.99,broken clouds
579,Anton Lizardo,MX,19.05,-95.9833,84.42,81,100,4.79,overcast clouds
580,Maumere,ID,-8.6199,122.2111,77.07,79,100,4.85,overcast clouds
581,Dukat,RU,62.55,155.55,54.57,66,100,3.96,light rain
582,Rio Gallegos,AR,-51.6226,-69.2181,30.25,93,0,4.61,clear sky
583,Icod De Los Vinos,ES,28.3724,-16.7119,70.47,78,68,9.93,broken clouds
584,Oktyabrskiy,RU,54.4815,53.471,51.04,78,90,2.46,overcast clouds
585,Solwezi,ZM,-12.1688,26.3894,54.46,52,97,2.86,overcast clouds
586,Nizhnevartovsk,RU,60.9344,76.5531,42.82,87,90,15.66,light rain
587,Portsmouth,GB,50.799,-1.0913,57.51,96,100,3.0,light rain
588,Jalu,LY,29.0331,21.5482,77.99,35,0,15.5,clear sky
589,Saint-Jean-Port-Joli,CA,47.2171,-70.2658,73.2,65,100,19.98,overcast clouds
590,Tarko-Sale,RU,64.9225,77.785,42.21,78,100,19.8,light rain
591,Biak,ID,-0.9131,122.8766,74.52,86,97,5.17,overcast clouds
592,Aneho,TG,6.2333,1.6,82.6,77,100,12.88,overcast clouds
593,Alberdi,AR,-32.8899,-60.6906,52.92,56,40,1.01,scattered clouds
594,Wenzhou,CN,27.9994,120.6668,79.03,96,100,0.54,overcast clouds
595,Kudahuvadhoo,MV,2.6708,72.8944,83.39,73,84,11.41,broken clouds
596,Morgan City,US,29.6994,-91.2068,79.99,89,90,10.36,overcast clouds
597,Teguldet,RU,57.3064,88.1667,59.61,98,94,5.03,overcast clouds
598,Edd,ER,13.9297,41.6925,86.94,80,100,4.76,overcast clouds
599,Twin Falls,US,42.3505,-114.6445,86.34,16,1,3.44,clear sky
600,Siavonga,ZM,-16.5382,28.7088,66.63,61,6,2.75,clear sky
601,Taksimo,RU,56.3444,114.8794,51.21,82,99,4.16,overcast clouds
602,Tirlyanskiy,RU,54.2109,58.5806,43.36,77,22,3.98,few clouds
603,Pathein,MM,16.7833,94.7333,76.53,92,100,4.27,light rain
604,Hokitika,NZ,-42.7167,170.9667,44.82,68,100,8.95,overcast clouds
605,Constitucion,CL,-35.3333,-72.4167,55.22,79,0,4.14,clear sky
606,Azacualpa,HN,15.3433,-88.5514,95.63,50,83,4.32,broken clouds
607,Chebsara,RU,59.2002,38.8356,69.13,78,70,7.56,broken clouds
608,Sambava,MG,-14.2667,50.1667,70.43,81,7,7.4,clear sky
609,Mahuva,IN,21.0914,71.7622,83.17,76,20,13.62,few clouds
610,Lanzhou,CN,36.0564,103.7922,65.48,45,99,1.61,overcast clouds
611,Davila,PH,18.4726,120.5763,80.58,80,40,16.44,scattered clouds
612,Bjornevatn,NO,69.6672,29.9847,52.14,87,90,8.05,overcast clouds
613,Olinda,BR,-8.0089,-34.8553,71.33,88,90,6.91,light rain
614,Alot,IN,23.7667,75.55,81.01,67,97,11.52,overcast clouds
615,Minab,IR,27.1467,57.0801,87.3,66,0,3.4,clear sky
616,Namwala,ZM,-15.7504,26.4384,58.15,55,36,4.47,scattered clouds
617,Eureka,US,40.8021,-124.1637,87.67,70,6,8.01,clear sky
618,Maniitsoq,GL,65.4167,-52.9,40.66,75,100,7.34,overcast clouds
619,Ashland,US,40.8167,-82.2665,79.36,70,78,17.54,broken clouds
620,Rivera,UY,-30.9053,-55.5508,49.86,72,94,8.9,overcast clouds
621,Kulob,TJ,37.9145,69.783,74.16,31,0,15.66,clear sky
622,Kieta,PG,-6.2167,155.6333,80.02,75,56,2.91,broken clouds
623,Dakar,SN,14.6937,-17.4441,77.88,83,75,4.61,broken clouds
624,Iquique,CL,-20.2208,-70.1431,64.44,77,59,6.4,broken clouds
625,Manado,ID,1.487,124.8455,75.97,94,40,1.14,moderate rain
626,Ballina,AU,-28.8667,153.5667,55.36,65,0,12.66,clear sky
627,Amapa,BR,1.0,-52.0,75.63,97,100,2.82,heavy intensity rain
628,Liboran,PH,8.3547,124.6489,74.71,83,98,4.41,overcast clouds
629,Nara,JP,34.6851,135.8049,69.49,94,100,3.09,overcast clouds
630,Kontagora,NG,10.3999,5.4695,75.52,82,96,5.39,moderate rain
631,Morehead,US,37.2711,-87.1764,91.15,50,1,3.0,clear sky
632,Puro,PH,12.4841,123.3827,80.6,85,43,7.94,scattered clouds
633,Mandalgovi,MN,45.7625,106.2708,53.65,51,11,5.44,few clouds
634,Surt,LY,31.2089,16.5887,72.59,71,0,11.34,clear sky
635,Quelimane,MZ,-17.8786,36.8883,69.75,94,20,5.75,few clouds
636,Sabha,LY,27.0377,14.4283,89.51,18,0,11.25,clear sky
637,Chiang Klang,TH,19.2938,100.8617,72.45,96,17,1.54,few clouds
638,Whyalla,AU,-33.0333,137.5833,46.29,93,75,3.44,broken clouds
639,Ulladulla,AU,-35.35,150.4667,57.67,71,79,23.17,broken clouds
640,Guayaramerin,BO,-10.8368,-65.3614,81.12,61,91,3.2,overcast clouds
641,Kidal,ML,18.4411,1.4078,97.14,18,57,9.26,broken clouds
642,Aconibe,GQ,1.2968,10.9369,68.45,97,100,2.26,light rain
643,Klyuchi,RU,52.2667,79.1667,69.69,57,84,10.58,broken clouds
644,Samarai,PG,-10.6167,150.6667,79.2,75,100,12.15,overcast clouds
645,Benalla,AU,-36.55,145.9833,41.99,94,2,7.38,clear sky
646,Makakilo City,US,21.3469,-158.0858,82.72,53,75,11.5,light rain
647,Svetlyy,RU,54.675,20.1347,66.25,82,8,8.19,clear sky
648,Pirovskoye,RU,57.6267,92.2658,57.7,96,87,3.67,overcast clouds
649,Frankfort,ZA,-27.2667,28.4833,48.74,81,0,8.68,clear sky
650,Lexington,US,37.9887,-84.4777,88.92,50,1,1.01,clear sky
651,Batticaloa,LK,7.7102,81.6924,80.73,73,100,2.77,overcast clouds
652,Ekhabi,RU,53.5102,142.9671,49.28,67,88,5.32,overcast clouds
653,Kaliganj,BD,23.4095,89.1402,75.51,96,100,7.2,overcast clouds
654,Roald,NO,62.5833,6.1333,54.16,87,20,6.91,few clouds
655,Buriti Bravo,BR,-5.8372,-43.8336,82.33,45,17,1.95,few clouds
656,Singkang,MY,2.1006,102.7994,76.89,86,100,1.74,overcast clouds
657,Ayagoz,KZ,47.9714,80.4392,63.86,49,82,6.35,broken clouds
658,Moose Factory,CA,51.2585,-80.6094,66.2,82,90,9.22,moderate rain
659,Emba,KZ,48.8264,58.1442,65.59,36,0,13.29,clear sky
660,Kuytun,RU,54.3419,101.5036,53.58,78,98,3.38,overcast clouds
661,Liverpool,GB,53.4106,-2.9779,59.29,75,100,1.01,overcast clouds
662,Solnechnyy,RU,50.7214,136.6319,53.11,83,100,6.04,overcast clouds
663,Sioux Lookout,CA,50.1001,-91.917,61.18,72,90,10.36,overcast clouds
664,Guamuchil,MX,25.4667,-108.1,98.74,36,0,13.4,clear sky
665,Tanete,ID,-3.9443,119.7848,73.38,94,96,3.13,overcast clouds
666,Jibuti,DJ,11.5,42.5,92.62,37,100,2.75,overcast clouds
667,Nizwa,OM,22.9333,57.5333,90.7,37,83,4.09,broken clouds
668,Hervey Bay,AU,-25.2986,152.8535,56.03,66,5,1.01,clear sky
669,Henties Bay,NA,-22.116,14.2845,60.48,77,0,3.85,clear sky
670,Canberra,AU,-35.2835,149.1281,48.51,77,90,1.99,overcast clouds
671,Anloga,GH,5.7947,0.8973,82.62,77,99,15.52,overcast clouds
672,Aberdeen,GB,57.1437,-2.0981,52.29,90,75,8.05,broken clouds
673,Ucluelet,CA,48.9329,-125.5528,75.09,77,99,5.01,overcast clouds
674,Emerald,AU,-23.5333,148.1667,44.74,81,7,2.3,clear sky
675,Alyangula,AU,-13.8483,136.4192,71.47,60,100,5.75,overcast clouds
676,Sayyan,YE,15.1718,44.3244,66.45,33,92,1.12,overcast clouds
677,Balabac,PH,7.9868,117.0645,81.03,81,25,8.84,scattered clouds
678,Novyye Burasy,RU,52.1324,46.0714,55.74,81,2,5.28,clear sky
679,El Paujil,CO,1.5701,-75.3286,78.1,84,49,3.42,scattered clouds
680,Medicine Hat,CA,50.0501,-110.6683,75.85,33,20,5.01,few clouds
681,Sosua,DO,19.7667,-70.5167,91.38,66,40,16.11,scattered clouds
682,Odienne,CI,9.51,-7.5692,77.29,71,100,2.55,light rain
683,Santa,PH,17.486,120.4348,77.68,88,37,4.56,scattered clouds
684,Rondonopolis,BR,-16.4708,-54.6356,81.55,30,8,3.18,clear sky
685,Magugu,TZ,-4.0167,35.7667,67.89,67,100,2.59,overcast clouds
686,Ried,DE,48.477,11.2606,70.66,69,88,5.59,overcast clouds
687,Avera,US,33.194,-82.5271,92.91,29,100,5.41,overcast clouds
688,Spisska Bela,SK,49.1872,20.4595,64.92,74,2,1.52,clear sky
689,Butembo,CD,0.15,29.2833,56.46,89,91,3.22,overcast clouds
690,Takoradi,GH,4.8845,-1.7554,79.32,76,91,10.6,overcast clouds
691,Krizevci,HR,46.0219,16.5425,74.8,72,92,3.31,overcast clouds
692,Jacksonville,US,30.3322,-81.6556,88.02,68,75,12.66,broken clouds
693,Omsukchan,RU,62.5333,155.8,56.79,63,100,5.99,overcast clouds
694,Ikongo,MG,-21.8833,47.4333,60.17,95,1,2.13,clear sky
695,Umred,IN,20.85,79.3333,77.29,77,100,12.55,overcast clouds
696,Washougal,US,45.5826,-122.3534,85.5,48,1,4.61,clear sky
697,Okhotsk,RU,59.3833,143.3,60.17,54,3,4.97,clear sky
698,Yenagoa,NG,4.9247,6.2642,74.95,96,100,4.85,overcast clouds
699,Shumikha,RU,55.2261,63.2961,46.96,56,15,8.16,few clouds
700,Erenhot,CN,43.6475,111.9767,60.22,38,55,12.95,broken clouds
701,Roshchino,RU,60.2519,29.6085,67.24,72,3,5.53,clear sky
702,Teknaf,BD,20.8624,92.3058,79.2,92,100,18.77,moderate rain
703,Tiznit,MA,29.5833,-9.5,58.41,86,97,7.87,overcast clouds
704,Kampong Chhnang,KH,12.1667,104.55,78.35,81,48,2.28,scattered clouds
705,Vardo,NO,70.3705,31.1107,47.95,87,100,8.77,light rain
706,Niigata,JP,37.9022,139.0236,67.95,94,75,6.91,moderate rain
707,Cabinda,AO,-5.55,12.2,73.6,89,12,7.11,few clouds
708,Pauini,BR,-7.7136,-66.9764,79.97,87,62,2.3,broken clouds
709,Watrous,CA,51.6668,-105.4679,58.78,67,94,10.36,overcast clouds
710,Barao De Melgaco,BR,-16.1944,-55.9675,72.12,35,6,4.27,clear sky
